id,realDonaldTrump,HillaryClinton
0,2.212129707113583144e-02,9.778787029288641408e-01
1,9.164737019115659633e-03,9.908352629808843126e-01
2,8.501196346590015329e-01,1.498803653409984671e-01
3,4.371942025126136777e-02,9.562805797487385906e-01
4,8.735914976897700759e-03,9.912640850231022593e-01
5,9.881540820158181138e-01,1.184591798418188624e-02
6,1.307509129338399120e-02,9.869249087066159776e-01
7,8.512984541862722576e-02,9.148701545813727742e-01
8,9.917601192877465444e-01,8.239880712253455641e-03
9,1.071801942617026798e-02,9.892819805738297667e-01
10,9.937592109934733076e-01,6.240789006526692440e-03
11,9.940025702082126990e-01,5.997429791787300957e-03
12,8.832473272850130050e-03,9.911675267271499168e-01
13,7.898582652926852132e-01,2.101417347073147868e-01
14,8.063953262944079103e-01,1.936046737055920897e-01
15,8.830453067018153440e-03,9.911695469329818708e-01
16,9.914220158092114099e-01,8.577984190788590091e-03
17,9.729996258976215673e-01,2.700037410237843272e-02
18,9.941523684518803750e-01,5.847631548119625045e-03
19,1.022379456120685662e-02,9.897762054387931885e-01
20,8.205220464895037757e-01,1.794779535104962243e-01
21,9.230788263851836400e-03,9.907692117361481809e-01
22,9.885332356116695030e-01,1.146676438833049705e-02
23,9.938380904192688492e-01,6.161909580731150804e-03
24,8.600125558111796492e-03,9.913998744418881515e-01
25,8.579553701344274502e-03,9.914204462986557775e-01
26,9.881633551490159872e-01,1.183664485098401276e-02
27,9.022889938828803080e-01,9.771100611711969197e-02
28,1.151487214967420875e-01,8.848512785032579542e-01
29,9.931952405655503080e-01,6.804759434449692002e-03
30,8.083551029462225923e-01,1.916448970537774077e-01
31,9.901683570006158952e-01,9.831642999384104797e-03
32,9.920717744153945139e-01,7.928225584605486098e-03
33,9.913434728974166443e-01,8.656527102583355671e-03
34,3.739808530324736369e-01,6.260191469675263631e-01
35,2.413834540327990802e-02,9.758616545967201406e-01
36,9.511884654184804555e-02,9.048811534581520100e-01
37,8.973348196049224512e-03,9.910266518039507755e-01
38,9.029806699246302817e-03,9.909701933007536434e-01
39,2.256775476478696529e-02,9.774322452352129931e-01
40,1.033515878244975830e-02,9.896648412175502729e-01
41,1.542890485903438379e-02,9.845710951409656353e-01
42,1.289008332626186484e-02,9.871099166737381525e-01
43,9.492488144265490702e-01,5.075118557345092984e-02
44,3.178724925784708055e-02,9.682127507421529611e-01
45,9.898969980740375263e-01,1.010300192596247371e-02
46,2.933348486153351808e-02,9.706665151384664680e-01
47,3.018874236883986595e-02,9.698112576311601618e-01
48,9.250275907437580450e-03,9.907497240925624560e-01
49,9.934283646269115309e-01,6.571635373088469123e-03
50,9.694343746717000096e-03,9.903056562532830398e-01
51,1.599296002353910520e-02,9.840070399764608844e-01
52,9.940048694705896359e-01,5.995130529410364062e-03
53,9.911201422314224185e-01,8.879857768577581467e-03
54,9.886447275063284801e-01,1.135527249367151992e-02
55,8.689632770041706700e-03,9.913103672299582447e-01
56,9.845534398846399471e-01,1.544656011536005291e-02
57,8.675871021802821631e-03,9.913241289781972165e-01
58,1.233809913347030073e-02,9.876619008665297184e-01
59,8.742561394206283323e-03,9.912574386057937392e-01
60,8.766507647843393286e-03,9.912334923521566310e-01
61,9.754087175980946656e-03,9.902459128240190811e-01
62,9.635980031789004308e-01,3.640199682109956925e-02
63,1.186126620482693891e-02,9.881387337951730299e-01
64,9.941297577448119371e-01,5.870242255188062863e-03
65,1.008632471041364526e-02,9.899136752895864033e-01
66,5.752915350103738473e-02,9.424708464989626222e-01
67,8.882114173447689387e-01,1.117885826552310613e-01
68,9.848070633844692168e-01,1.519293661553078323e-02
69,2.017906983314153302e-01,7.982093016685847253e-01
70,7.869904547512351911e-02,9.213009545248764809e-01
71,1.240488476485197313e-02,9.875951152351479800e-01
72,9.574914721076731583e-01,4.250852789232684170e-02
73,9.005696715027922822e-03,9.909943032849720668e-01
74,8.724209257480192159e-01,1.275790742519807841e-01
75,9.893569254321591191e-03,9.901064307456783897e-01
76,8.705103054416499578e-03,9.912948969455834813e-01
77,9.935839916680482276e-01,6.416008331951772448e-03
78,5.928816502310563924e-02,9.407118349768943677e-01
79,1.462715002159641758e-02,9.853728499784035755e-01
80,8.871049143337616724e-03,9.911289508566624162e-01
81,1.318855262768085443e-02,9.868114473723191837e-01
82,9.557539468896298837e-03,9.904424605311037411e-01
83,9.801072736315786793e-01,1.989272636842132069e-02
84,9.902659688174041408e-01,9.734031182595859200e-03
85,9.923173196728399814e-01,7.682680327160018585e-03
86,3.820492605063764979e-01,6.179507394936234466e-01
87,8.189564176184402911e-01,1.810435823815597089e-01
88,9.937347512340550804e-01,6.265248765944919640e-03
89,5.994191689247694438e-02,9.400580831075230348e-01
90,9.952634415993751732e-03,9.900473655840063003e-01
91,9.826368769381388368e-01,1.736312306186116317e-02
92,9.918892820106185448e-01,8.110717989381455162e-03
93,9.572392368119944997e-03,9.904276076318800914e-01
94,9.923573778489712671e-01,7.642622151028732880e-03
95,8.567357947136823235e-03,9.914326420528631889e-01
96,9.166867642387634824e-03,9.908331323576123895e-01
97,9.933565371080212980e-01,6.643462891978701990e-03
98,9.933870260192509960e-01,6.612973980749003999e-03
99,1.002274048667384405e-02,9.899772595133261577e-01
100,8.250528162255172937e-01,1.749471837744827063e-01
101,9.861118710779529506e-01,1.388812892204704941e-02
102,1.050106500413592638e-02,9.894989349958640545e-01
103,2.977157384587529321e-01,7.022842615412470124e-01
104,3.832495226713805714e-02,9.616750477328619429e-01
105,9.904359313215919114e-01,9.564068678408088608e-03
106,9.867702889881231343e-01,1.322971101187686571e-02
107,9.871096072407212763e-01,1.289039275927872374e-02
108,9.801023503279241433e-01,1.989764967207585666e-02
109,3.649124363182955633e-01,6.350875636817043812e-01
110,9.608824129020346883e-01,3.911758709796531175e-02
111,9.634580487328630802e-03,9.903654195126713189e-01
112,9.929910924633088554e-01,7.008907536691144635e-03
113,9.608613747546470574e-01,3.913862524535294263e-02
114,9.922133911280334173e-01,7.786608871966582690e-03
115,9.929015891005734673e-01,7.098410899426532694e-03
116,1.747217443863187045e-02,9.825278255613680845e-01
117,1.359490733352329041e-02,9.864050926664766905e-01
118,9.924337912252862992e-01,7.566208774713700791e-03
119,9.545233586327202258e-03,9.904547664136728047e-01
120,5.950488293332027723e-02,9.404951170666797644e-01
121,9.819163688542923429e-01,1.808363114570765706e-02
122,8.723202032444241083e-03,9.912767979675557450e-01
123,3.491669334519922202e-02,9.650833066548007988e-01
124,9.938672578629360599e-01,6.132742137063940113e-03
125,9.918440445363658764e-01,8.155955463634123603e-03
126,8.911796480285645930e-03,9.910882035197143836e-01
127,9.939055840093002914e-01,6.094415990699708630e-03
128,8.635098965639360913e-03,9.913649010343605905e-01
129,3.118420708349809931e-02,9.688157929165018833e-01
130,9.872286796161789946e-01,1.277132038382100543e-02
131,8.693523467816814676e-03,9.913064765321831784e-01
132,8.636519610761563340e-03,9.913634803892383829e-01
133,1.846785536796500815e-01,8.153214463203499740e-01
134,9.816802220974116810e-01,1.831977790258831895e-02
135,9.893418391251022070e-01,1.065816087489779296e-02
136,1.205906905459547263e-01,8.794093094540452737e-01
137,9.772040781977089363e-01,2.279592180229106368e-02
138,9.014795436964914699e-03,9.909852045630350714e-01
139,4.755272205693086146e-02,9.524472779430691594e-01
140,1.303416835127678593e-02,9.869658316487232019e-01
141,9.896553555305763750e-01,1.034464446942362503e-02
142,8.984562592088390226e-03,9.910154374079116479e-01
143,2.749741112961026288e-02,9.725025888703897614e-01
144,1.408081408237662480e-01,8.591918591762337520e-01
145,1.352627472892071504e-02,9.864737252710792381e-01
146,9.923826224942458030e-01,7.617377505754197031e-03
147,9.425776750657748060e-03,9.905742232493423005e-01
148,9.761276094873443387e-01,2.387239051265566125e-02
149,9.423826888652021491e-03,9.905761731113479351e-01
150,4.435596844818300716e-02,9.556440315518169859e-01
151,8.991352027088349297e-02,9.100864797291164932e-01
152,9.756528478817787509e-01,2.434715211822124914e-02
153,9.289662077757427916e-01,7.103379222425720840e-02
154,9.572342639673877412e-03,9.904276573603261191e-01
155,9.772225162783779728e-01,2.277748372162202717e-02
156,9.362133955665921659e-02,9.063786604433408112e-01
157,1.035755961248906350e-02,9.896424403875109244e-01
158,9.903442441872802871e-01,9.655755812719712949e-03
159,9.933632081511095668e-01,6.636791848890433165e-03
160,2.543022715562532343e-01,7.456977284437467102e-01
161,7.215795625087854936e-02,9.278420437491214923e-01
162,9.922244943106179882e-01,7.775505689382011809e-03
163,9.884889105603029691e-01,1.151108943969703091e-02
164,8.536695491524071838e-03,9.914633045084759733e-01
165,7.351356878349869506e-01,2.648643121650130494e-01
166,9.814752522613179320e-01,1.852474773868206803e-02
167,8.719178648405878640e-03,9.912808213515941214e-01
168,9.863185034900053827e-01,1.368149650999461731e-02
169,9.924298516008810411e-01,7.570148399118958871e-03
170,2.924398220082951097e-02,9.707560177991705341e-01
171,8.837112296179359949e-03,9.911628877038206609e-01
172,9.941253900458733028e-01,5.874609954126697176e-03
173,9.104254493281262184e-03,9.908957455067187725e-01
174,1.216558804095821122e-01,8.783441195904179155e-01
175,9.202085165410638784e-03,9.907979148345893439e-01
176,8.898535499489955425e-03,9.911014645005100654e-01
177,1.042034411562704072e-02,9.895796558843729107e-01
178,8.826948011706629849e-03,9.911730519882934187e-01
179,9.929056577529817712e-03,9.900709434224701511e-01
180,1.428001481691982544e-01,8.571998518308017179e-01
181,8.733048772081837552e-02,9.126695122791815828e-01
182,1.600634932382759001e-01,8.399365067617241554e-01
183,1.047209475199505253e-02,9.895279052480049353e-01
184,8.755103667012284138e-03,9.912448963329877349e-01
185,1.329715942649110048e-02,9.867028405735088770e-01
186,9.914318238666749439e-01,8.568176133325056121e-03
187,9.149084205704772696e-03,9.908509157942951839e-01
188,9.908179916821518995e-01,9.182008317848100454e-03
189,8.866849222996953800e-03,9.911331507770030358e-01
190,9.799495045270921745e-01,2.005049547290782552e-02
191,8.516499534076824723e-03,9.914835004659231510e-01
192,8.873154036285709964e-03,9.911268459637142536e-01
193,7.901062424364676540e-01,2.098937575635323460e-01
194,3.746528861205207506e-02,9.625347113879478833e-01
195,8.578920996176072483e-03,9.914210790038239240e-01
196,8.797800735017848872e-01,1.202199264982151128e-01
197,8.189857382293814769e-01,1.810142617706185231e-01
198,8.939623404553943137e-03,9.910603765954461020e-01
199,1.665762579889152467e-02,9.833423742011084823e-01
200,9.878443242719372464e-01,1.215567572806275365e-02
201,3.096411701268954667e-02,9.690358829873104707e-01
202,8.671418375611470927e-03,9.913285816243885273e-01
203,9.784105986729455529e-01,2.158940132705444714e-02
204,7.852980289508108003e-01,2.147019710491891997e-01
205,9.766930092001503416e-01,2.330699079984965838e-02
206,2.488316868247200941e-01,7.511683131752798781e-01
207,9.853643528318075662e-01,1.463564716819243383e-02
208,6.449653877137284663e-02,9.355034612286271534e-01
209,9.832885750434350314e-01,1.671142495656496862e-02
210,3.151803480465620311e-01,6.848196519534379689e-01
211,8.889767330369724441e-03,9.911102326696302756e-01
212,1.667527145919358786e-02,9.833247285408064364e-01
213,9.930946186578029078e-01,6.905381342197092209e-03
214,9.855778851158588649e-01,1.442211488414113507e-02
215,9.912962423763731490e-01,8.703757623626851014e-03
216,9.406146366479506415e-01,5.938536335204935845e-02
217,9.938220411322553627e-01,6.177958867744637317e-03
218,9.905082455674748543e-01,9.491754432525145724e-03
219,9.903932974574477521e-01,9.606702542552247870e-03
220,9.803742709640802522e-01,1.962572903591974782e-02
221,1.005093572121806486e-02,9.899490642787819317e-01
222,9.936750650997822065e-01,6.324934900217793476e-03
223,1.209003881244183863e-02,9.879099611875581388e-01
224,8.945434151469774595e-03,9.910545658485302445e-01
225,3.757444360403842248e-02,9.624255563959616122e-01
226,9.918811300236166639e-01,8.118869976383336073e-03
227,9.776869611682004191e-01,2.231303883179958092e-02
228,9.000102352354322210e-03,9.909998976476457333e-01
229,4.705803965368113989e-02,9.529419603463188393e-01
230,9.920737094391660627e-01,7.926290560833937349e-03
231,9.923294119435380756e-01,7.670588056461924431e-03
232,9.775427795839073397e-01,2.245722041609266029e-02
233,1.000484828957939193e-02,9.899951517104206289e-01
234,8.833358300649820499e-03,9.911666416993502038e-01
235,9.666654807263316274e-01,3.333451927366837264e-02
236,9.901693642637557913e-01,9.830635736244208722e-03
237,9.218960151995476970e-03,9.907810398480044745e-01
238,8.795140250053488234e-03,9.912048597499465430e-01
239,8.607288019838694321e-03,9.913927119801613230e-01
240,8.419194361003343730e-01,1.580805638996656270e-01
241,9.917015450382113961e-01,8.298454961788603867e-03
242,4.581678070825193766e-02,9.541832192917480970e-01
243,9.872587350377283189e-01,1.274126496227168115e-02
244,9.923711116563462831e-01,7.628888343653716930e-03
245,5.807509695815962075e-02,9.419249030418404001e-01
246,9.894925514026908786e-01,1.050744859730912140e-02
247,2.808877249667863368e-02,9.719112275033213733e-01
248,8.715847498739565102e-02,9.128415250126042935e-01
249,9.181765386258537026e-03,9.908182346137414109e-01
250,9.302478607681557987e-01,6.975213923184420128e-02
251,9.923731510276421197e-01,7.626848972357880285e-03
252,8.720753155415384913e-03,9.912792468445845717e-01
253,9.542019863538626565e-03,9.904579801364613578e-01
254,9.719060851116819721e-01,2.809391488831802786e-02
255,7.738553385900314163e-01,2.261446614099685837e-01
256,9.667326537596070413e-01,3.326734624039295873e-02
257,9.881205172462000919e-01,1.187948275379990815e-02
258,1.157276367533128895e-02,9.884272363246686677e-01
259,9.927780374527787055e-01,7.221962547221294493e-03
260,9.624402021531839324e-01,3.755979784681606759e-02
261,8.911072113359216895e-03,9.910889278866408247e-01
262,9.716555131282078595e-01,2.834448687179214055e-02
263,4.395093742841112150e-02,9.560490625715888369e-01
264,9.698212936454735367e-01,3.017870635452646333e-02
265,9.736025716215943593e-01,2.639742837840564071e-02
266,9.301247214039317854e-03,9.906987527859606457e-01
267,4.142100759112481156e-02,9.585789924088752301e-01
268,9.226227823667419031e-03,9.907737721763325567e-01
269,9.439338889640248864e-03,9.905606611103597858e-01
270,8.639569881483061611e-03,9.913604301185169332e-01
271,1.238345222212201661e-02,9.876165477778779955e-01
272,8.959708533236755354e-03,9.910402914667632013e-01
273,9.927269697708501761e-01,7.273030229149823889e-03
274,9.865578215524698491e-01,1.344217844753015090e-02
275,3.615118999189750881e-01,6.384881000810249674e-01
276,9.940713059880572633e-01,5.928694011942736708e-03
277,8.754466405921609504e-03,9.912455335940784096e-01
278,1.571767459224849076e-02,9.842823254077515127e-01
279,9.922924839348581383e-01,7.707516065141861716e-03
280,4.402825234170517493e-02,9.559717476582948459e-01
281,3.206624708095916487e-01,6.793375291904083513e-01
282,8.855094067855270867e-03,9.911449059321447708e-01
283,9.841772133451871518e-01,1.582278665481284818e-02
284,1.072312210384397321e-02,9.892768778961560372e-01
285,9.412640422782513339e-01,5.873595772174866614e-02
286,9.222898281803662210e-03,9.907771017181963291e-01
287,8.935301870475617081e-01,1.064698129524382919e-01
288,9.858577350945250117e-01,1.414226490547498827e-02
289,9.084071499093701249e-03,9.909159285009062623e-01
290,9.676253429717964760e-01,3.237465702820352398e-02
291,9.932287387587659389e-01,6.771261241234061146e-03
292,7.643371583414583503e-02,9.235662841658541788e-01
293,3.756021154215991031e-02,9.624397884578400619e-01
294,1.734380337998818813e-02,9.826561966200118015e-01
295,8.609980295460832878e-01,1.390019704539167122e-01
296,9.924132865271449999e-01,7.586713472855000084e-03
297,2.194654947919994631e-02,9.780534505208000606e-01
298,9.732826217306614902e-01,2.671737826933850979e-02
299,1.713428174653919972e-02,9.828657182534608072e-01
300,9.921181418355833337e-01,7.881858164416666312e-03
301,3.936706303718378597e-01,6.063293696281621958e-01
302,1.004374088177793951e-02,9.899562591182220483e-01
303,9.899643395207270435e-01,1.003566047927295646e-02
304,9.896407735441077325e-01,1.035922645589226754e-02
305,8.660993084236883188e-01,1.339006915763116812e-01
306,8.730577514248213239e-03,9.912694224857517833e-01
307,1.342240942554598360e-01,8.657759057445402195e-01
308,9.933944770986640194e-01,6.605522901335980634e-03
309,9.511895546403385457e-03,9.904881044535965851e-01
310,4.527461223810295698e-01,5.472538776189703746e-01
311,2.465067302724916198e-01,7.534932697275084079e-01
312,9.608472066078453319e-03,9.903915279339216005e-01
313,1.585078033000453801e-01,8.414921966999546754e-01
314,9.752682524254771904e-03,9.902473174757452368e-01
315,8.734874475267910207e-03,9.912651255247321158e-01
316,1.041754954674324468e-01,8.958245045325675671e-01
317,9.437322646745115451e-01,5.626773532548845491e-02
318,9.912041364086986439e-01,8.795863591301356088e-03
319,6.512487588373135072e-02,9.348751241162686076e-01
320,8.618619289778108733e-03,9.913813807102218600e-01
321,9.931267537212764562e-01,6.873246278723543767e-03
322,9.289647760809460753e-01,7.103522391905392475e-02
323,9.855778851158588649e-01,1.442211488414113507e-02
324,9.899880978805667420e-01,1.001190211943325803e-02
325,1.216302414831335436e-02,9.878369758516866161e-01
326,9.025122883061327192e-03,9.909748771169386572e-01
327,8.975871603699349041e-03,9.910241283963006076e-01
328,9.139259594791141958e-03,9.908607404052088841e-01
329,8.461234822535113054e-01,1.538765177464886946e-01
330,8.498170819746403773e-03,9.915018291802536465e-01
331,9.939524119099534261e-01,6.047588090046573939e-03
332,2.257460703798629398e-01,7.742539296201370602e-01
333,8.684852904089839301e-03,9.913151470959101763e-01
334,9.924208186042591251e-01,7.579181395740874905e-03
335,9.886788457750111947e-01,1.132115422498880530e-02
336,2.481660567258635666e-02,9.751833943274136329e-01
337,8.891124449018163178e-03,9.911088755509818160e-01
338,9.839525819506360627e-01,1.604741804936393734e-02
339,9.289952830736468090e-03,9.907100471692635857e-01
340,8.949687876050608365e-03,9.910503121239493396e-01
341,3.006052802861579679e-02,9.699394719713841928e-01
342,9.903933609728045040e-01,9.606639027195496006e-03
343,1.755042957869649700e-01,8.244957042130349745e-01
344,9.276761082347066353e-03,9.907232389176529042e-01
345,9.819023802741305706e-01,1.809761972586942935e-02
346,9.916328228834647707e-01,8.367177116535229331e-03
347,4.703344213854264155e-01,5.296655786145736400e-01
348,9.287990388468368996e-01,7.120096115316310037e-02
349,9.895274852383799669e-01,1.047251476162003314e-02
350,8.465238044381494520e-01,1.534761955618505480e-01
351,9.930775118754724407e-01,6.922488124527559350e-03
352,8.678356632672955609e-03,9.913216433673270878e-01
353,9.919941129767213539e-01,8.005887023278646097e-03
354,8.856265958085878312e-03,9.911437340419141373e-01
355,8.935302635697032342e-03,9.910646973643029156e-01
356,9.638561532350962135e-01,3.614384676490378645e-02
357,9.919359147197502891e-01,8.064085280249710941e-03
358,1.083049285464978036e-02,9.891695071453502353e-01
359,4.416663101837776939e-02,9.558333689816221890e-01
360,9.591448583769623948e-01,4.085514162303760521e-02
361,6.430346849362618133e-01,3.569653150637381867e-01
362,9.788054270250373667e-01,2.119457297496263326e-02
363,8.788030534003671637e-03,9.912119694659963232e-01
364,9.180130101817845709e-03,9.908198698981821595e-01
365,9.907019773749689007e-01,9.298022625031099331e-03
366,9.958246053609086379e-03,9.900417539463909344e-01
367,9.877578367676080884e-01,1.224216323239191162e-02
368,4.864509422098874797e-02,9.513549057790112728e-01
369,9.930562475857031002e-01,6.943752414296899822e-03
370,9.911200205278433151e-01,8.879979472156684928e-03
371,9.714970534639820743e-01,2.850294653601792572e-02
372,7.873639276213287297e-02,9.212636072378671548e-01
373,2.866253144745698270e-02,9.713374685525429930e-01
374,2.321143398949476050e-02,9.767885660105052326e-01
375,8.512501904562310706e-01,1.487498095437689294e-01
376,9.626941909000759079e-01,3.730580909992409211e-02
377,2.788030928659759183e-02,9.721196907134024290e-01
378,9.734842497021838348e-01,2.651575029781616522e-02
379,1.293046243985145408e-02,9.870695375601485910e-01
380,9.911775189340937819e-01,8.822481065906218056e-03
381,1.015663892978515073e-02,9.898433610702148666e-01
382,9.650130684753050955e-03,9.903498693152469334e-01
383,8.805114251192625030e-03,9.911948857488073195e-01
384,4.115420037531657416e-01,5.884579962468342584e-01
385,9.939585168776449153e-01,6.041483122355084667e-03
386,9.736007819011018374e-03,9.902639921809889278e-01
387,9.926534779863739333e-01,7.346522013626066716e-03
388,1.039095186407125448e-02,9.896090481359287594e-01
389,6.241561807539978135e-01,3.758438192460021865e-01
390,9.785506896003564117e-03,9.902144931039964515e-01
391,5.626997626293191168e-02,9.437300237370680467e-01
392,2.792959737536715101e-02,9.720704026246328455e-01
393,8.726901376015212472e-03,9.912730986239848274e-01
394,9.934408049433013366e-01,6.559195056698663429e-03
395,9.595380700004435201e-03,9.904046192999955700e-01
396,9.488517764482445882e-01,5.114822355175541180e-02
397,5.322965666644346311e-02,9.467703433335565855e-01
398,7.064812385409533491e-01,2.935187614590466509e-01
399,8.078583708927404849e-01,1.921416291072595151e-01
400,9.433566827969858473e-03,9.905664331720301918e-01
401,9.923814401008098640e-01,7.618559899190135987e-03
402,9.623471225858301059e-01,3.765287741416989409e-02
403,1.139375086449218380e-02,9.886062491355077642e-01
404,9.858059388708423354e-01,1.419406112915766460e-02
405,8.871049143337616724e-03,9.911289508566624162e-01
406,9.937327974702414579e-01,6.267202529758542084e-03
407,7.736374440639014471e-01,2.263625559360985529e-01
408,3.771872829512500774e-02,9.622812717048749853e-01
409,8.888990125775758991e-03,9.911110098742242913e-01
410,8.535553417748274752e-03,9.914644465822517461e-01
411,1.008534398668976990e-02,9.899146560133101902e-01
412,9.796581273847814186e-01,2.034187261521858137e-02
413,1.446166936586130471e-02,9.855383306341386485e-01
414,9.900270473323311560e-01,9.972952667668844029e-03
415,1.123175413070235523e-02,9.887682458692976795e-01
416,4.516540720874299142e-01,5.483459279125700858e-01
417,8.500308559579951642e-03,9.914996914404200501e-01
418,9.908176446259772119e-01,9.182355374022788119e-03
419,4.154376277485052199e-02,9.584562372251494988e-01
420,1.292540595042163988e-02,9.870745940495783133e-01
421,9.939767179723886237e-01,6.023282027611376321e-03
422,9.733161232359464066e-01,2.668387676405359343e-02
423,9.941534771724420683e-01,5.846522827557931734e-03
424,6.670816772113817572e-02,9.332918322788618104e-01
425,9.854744305957584549e-01,1.452556940424154508e-02
426,9.856741981780233752e-01,1.432580182197662477e-02
427,9.432031010962340645e-01,5.679689890376593553e-02
428,7.478876426799999644e-01,2.521123573200000356e-01
429,9.940100133459823795e-01,5.989986654017620538e-03
430,1.027166054153667331e-02,9.897283394584632799e-01
431,9.897212061891677015e-01,1.027879381083229848e-02
432,1.007651220665277229e-02,9.899234877933472676e-01
433,9.801048981354900658e-01,1.989510186450993423e-02
434,8.445247597794480060e-03,9.915547524022054748e-01
435,6.126777939825221037e-02,9.387322206017477688e-01
436,9.641141328208937544e-01,3.588586717910624557e-02
437,2.598288021043059642e-02,9.740171197895693966e-01
438,9.927690882941213601e-01,7.230911705878639850e-03
439,7.000736544780683523e-01,2.999263455219316477e-01
440,9.941289423521624258e-01,5.871057647837574223e-03
441,9.932511822868821394e-01,6.748817713117860606e-03
442,8.684002571844960938e-01,1.315997428155039062e-01
443,8.537317037015684784e-03,9.914626829629843430e-01
444,2.233973107341002268e-02,9.776602689265899704e-01
445,2.174636042953513940e-02,9.782536395704648502e-01
446,9.178395367503216010e-03,9.908216046324967996e-01
447,8.909345660062012798e-03,9.910906543399380375e-01
448,9.739088486465487596e-03,9.902609115135344586e-01
449,9.917518541626901829e-01,8.248145837309817097e-03
450,8.726245526158981497e-03,9.912737544738410289e-01
451,1.409527948297238306e-02,9.859047205170275996e-01
452,9.815551383561493815e-01,1.844486164385061855e-02
453,5.959279315646510283e-02,9.404072068435348486e-01
454,9.566921838875696027e-01,4.330781611243039730e-02
455,9.804210526404242287e-01,1.957894735957577126e-02
456,2.389638087632337329e-02,9.761036191236766024e-01
457,8.775176057713593436e-03,9.912248239422863927e-01
458,8.885667810415718779e-03,9.911143321895843350e-01
459,9.919534185010561167e-01,8.046581498943883304e-03
460,9.636247301886313732e-01,3.637526981136862680e-02
461,8.794076131029225293e-03,9.912059238689707730e-01
462,9.797113772590232417e-01,2.028862274097675833e-02
463,9.933946710909180577e-01,6.605328909081942257e-03
464,9.821801190771277668e-01,1.781988092287223324e-02
465,1.519660622843924114e-01,8.480339377156076441e-01
466,1.354019677097657165e-02,9.864598032290233798e-01
467,8.419130421200670122e-01,1.580869578799329878e-01
468,9.863246793213834573e-01,1.367532067861654266e-02
469,9.806002912966305107e-01,1.939970870336948927e-02
470,9.869409833353961492e-01,1.305901666460385080e-02
471,9.796999814623741365e-01,2.030001853762586350e-02
472,9.922123190011482574e-01,7.787680998851742586e-03
473,8.668311885740243028e-03,9.913316881142597570e-01
474,9.633076527546147183e-01,3.669234724538528170e-02
475,6.329582595442682924e-02,9.367041740455731569e-01
476,9.689475975710868383e-01,3.105240242891316171e-02
477,3.762013152258057019e-02,9.623798684774194090e-01
478,2.877796890254312109e-02,9.712220310974568616e-01
479,2.112319031198733182e-02,9.788768096880127167e-01
480,9.884165352391006687e-01,1.158346476089933130e-02
481,9.898560378233374202e-01,1.014396217666257982e-02
482,9.830798447146170682e-01,1.692015528538293179e-02
483,9.415776660518022645e-01,5.842233394819773551e-02
484,9.590235492289945762e-01,4.097645077100542377e-02
485,9.895193337527545818e-01,1.048066624724541818e-02
486,9.938378772466719413e-01,6.162122753328058700e-03
487,9.671595607378546955e-01,3.284043926214530451e-02
488,9.048145375306156091e-02,9.095185462469383975e-01
489,9.982032479279433212e-02,9.001796752072056540e-01
490,1.562975528793140653e-02,9.843702447120685761e-01
491,1.313560394864370616e-02,9.868643960513563407e-01
492,9.785617386126790329e-01,2.143826138732096709e-02
493,9.907966844054071354e-01,9.203315594592864635e-03
494,8.759565782218944538e-03,9.912404342177810745e-01
495,9.918678522476490622e-01,8.132147752350937786e-03
496,1.367629833537385015e-02,9.863237016646261290e-01
497,1.292823941715500191e-01,8.707176058284500364e-01
498,9.365224465990390490e-03,9.906347755340095818e-01
499,9.781486611476597481e-01,2.185133885234025186e-02
500,9.843850719101978619e-01,1.561492808980213809e-02
501,9.920963024745553804e-01,7.903697525444619565e-03
502,9.749254980927882785e-01,2.507450190721172145e-02
503,5.258510266210100759e-02,9.474148973378989647e-01
504,9.940916960315694384e-01,5.908303968430561603e-03
505,9.873186843398605861e-01,1.268131566013941391e-02
506,9.929894893573929515e-01,7.010510642607048482e-03
507,8.979621964998588113e-03,9.910203780350014258e-01
508,9.722051163638896487e-03,9.902779488363611105e-01
509,9.890677624142453217e-01,1.093223758575467830e-02
510,9.682805314673675195e-03,9.903171946853263075e-01
511,9.894275163445612753e-01,1.057248365543872470e-02
512,8.764572821245058057e-03,9.912354271787549020e-01
513,3.634500563548004881e-01,6.365499436451995674e-01
514,1.313936082415110840e-01,8.686063917584889715e-01
515,9.246680029547838311e-03,9.907533199704521287e-01
516,9.034393967935224756e-01,9.656060320647752437e-02
517,9.940767750573008543e-01,5.923224942699145679e-03
518,9.916868557482705349e-01,8.313144251729465140e-03
519,1.145040721245571269e-01,8.854959278754428453e-01
520,1.018542328934037532e-02,9.898145767106596438e-01
521,9.672299435946352109e-01,3.277005640536478914e-02
522,9.914921206825475508e-01,8.507879317452449186e-03
523,8.841569869027347123e-03,9.911584301309726008e-01
524,9.899920246315735417e-01,1.000797536842645830e-02
525,9.844906961686330504e-01,1.550930383136694957e-02
526,9.933772738034934990e-01,6.622726196506500962e-03
527,9.790752479271634320e-03,9.902092475207283639e-01
528,9.930228040424218250e-01,6.977195957578175012e-03
529,9.916934180531389309e-01,8.306581946861069099e-03
530,2.418574017161090675e-02,9.758142598283890967e-01
531,8.743181265836522109e-03,9.912568187341634918e-01
532,9.897184019724196702e-01,1.028159802758032981e-02
533,9.936229558611785473e-01,6.377044138821452712e-03
534,9.938906997224834505e-01,6.109300277516549471e-03
535,8.861771189006184546e-01,1.138228810993815454e-01
536,8.752037786848063106e-03,9.912479622131519230e-01
537,8.653502690948680076e-01,1.346497309051319924e-01
538,9.506598481081663943e-01,4.934015189183360572e-02
539,8.700643762764749892e-03,9.912993562372351963e-01
540,9.517612250215786718e-01,4.823877497842132822e-02
541,9.821339668501842812e-01,1.786603314981571877e-02
542,9.936369509061682148e-01,6.363049093831785186e-03
543,9.931344862784667882e-01,6.865513721533211822e-03
544,8.961948619540114486e-03,9.910380513804598612e-01
545,7.190830436537754000e-02,9.280916956346224600e-01
546,3.992049598754502382e-01,6.007950401245497618e-01
547,9.940452289403104436e-01,5.954771059689556445e-03
548,9.247733896225012185e-01,7.522661037749878155e-02
549,9.940856940035031064e-01,5.914305996496893592e-03
550,9.060323112472264476e-03,9.909396768875277095e-01
551,1.101296306569943609e-02,9.889870369343005674e-01
552,9.528337721905413282e-01,4.716622780945867177e-02
553,9.919125838875146872e-01,8.087416112485312780e-03
554,8.798532981230837435e-03,9.912014670187692111e-01
555,9.734879050631409791e-01,2.651209493685902086e-02
556,1.808186162495916544e-02,9.819181383750408276e-01
557,8.797992385736050011e-03,9.912020076142639136e-01
558,9.348998397850078260e-03,9.906510016021499165e-01
559,9.919452809254752923e-01,8.054719074524707700e-03
560,1.569765230865613204e-01,8.430234769134387074e-01
561,8.311650638447978245e-01,1.688349361552021755e-01
562,1.349228978617367583e-02,9.865077102138263276e-01
563,9.902568039890138341e-01,9.743196010986165945e-03
564,8.632658338564520584e-01,1.367341661435479416e-01
565,9.245531213543082064e-03,9.907544687864568989e-01
566,9.317461608960419389e-03,9.906825383910395910e-01
567,8.756390743556611428e-03,9.912436092564433920e-01
568,9.207853806251954376e-01,7.921461937480456239e-02
569,9.931357313974519263e-01,6.864268602548073694e-03
570,8.769794094103956425e-03,9.912302059058960557e-01
571,9.939234194741395356e-01,6.076580525860464377e-03
572,9.745708423927004205e-01,2.542915760729957952e-02
573,9.701059372291779281e-01,2.989406277082207186e-02
574,3.530957918487118846e-02,9.646904208151287907e-01
575,8.909168822589188033e-03,9.910908311774108137e-01
576,1.022772305600806383e-02,9.897722769439919466e-01
577,9.637292410812565713e-01,3.627075891874342872e-02
578,1.310683354614246565e-01,8.689316645385753990e-01
579,8.754826411407101369e-03,9.912451735885928761e-01
580,9.853150134198135346e-01,1.468498658018646541e-02
581,2.162056708457520821e-02,9.783794329154248404e-01
582,9.925030484373760231e-01,7.496951562623976884e-03
583,9.910663355896195403e-01,8.933664410380459664e-03
584,8.632001293179491358e-03,9.913679987068204635e-01
585,1.485994991175423607e-01,8.514005008824576670e-01
586,9.065264064154293644e-01,9.347359358457063561e-02
587,1.920912846145074460e-01,8.079087153854925818e-01
588,9.940926117746843316e-01,5.907388225315668429e-03
589,9.930242575522981729e-01,6.975742447701827054e-03
590,9.887430746900118805e-01,1.125692530998811947e-02
591,9.715470996588700947e-01,2.845290034112990529e-02
592,9.726066448891322880e-01,2.739335511086771202e-02
593,9.824944944801186075e-01,1.750550551988139247e-02
594,9.763749318311512049e-01,2.362506816884879512e-02
595,9.774963387541107940e-01,2.250366124588920602e-02
596,9.846938466718487826e-01,1.530615332815121743e-02
597,9.922579917583289610e-01,7.742008241671038959e-03
598,9.937403004203785306e-01,6.259699579621469390e-03
599,9.924493221409111943e-01,7.550677859088805732e-03
600,9.833193874614375440e-01,1.668061253856245596e-02
601,8.961872388201634967e-03,9.910381276117983251e-01
602,8.800021868227718772e-03,9.911999781317722968e-01
603,9.940420301399367498e-01,5.957969860063250245e-03
604,8.610271071100251625e-03,9.913897289288997605e-01
605,8.186819077445416371e-01,1.813180922554583629e-01
606,2.835575025592359383e-02,9.716442497440763715e-01
607,9.915760841961882566e-01,8.423915803811743430e-03
608,4.006099018904456244e-02,9.599390098109554792e-01
609,1.428720444369125375e-01,8.571279555630875180e-01
610,1.068227212548322931e-02,9.893177278745167724e-01
611,9.940341119124562752e-01,5.965888087543724794e-03
612,1.077281764388837715e-02,9.892271823561116229e-01
613,9.787166613828980344e-01,2.128333861710196562e-02
614,9.483834393445914612e-01,5.161656065540853877e-02
615,1.257242887910597559e-02,9.874275711208940765e-01
616,9.821847336970960241e-01,1.781526630290397595e-02
617,1.305083311604741426e-02,9.869491668839526222e-01
618,8.627913562740122805e-03,9.913720864372598252e-01
619,1.189761148375913791e-01,8.810238851624085932e-01
620,8.765090666963090346e-03,9.912349093330369287e-01
621,9.801466542349731581e-01,1.985334576502684190e-02
622,1.081593324702415961e-02,9.891840667529758768e-01
623,9.469599872876641733e-01,5.304001271233582671e-02
624,8.692898867804490712e-03,9.913071011321955561e-01
625,9.936104592028810467e-01,6.389540797118953286e-03
626,9.941807301305071176e-01,5.819269869492882385e-03
627,9.916984247378287654e-01,8.301575262171234648e-03
628,8.888074371114546360e-03,9.911119256288855039e-01
629,8.448047203638031633e-02,9.155195279636196837e-01
630,9.900921133878045621e-01,9.907886612195437870e-03
631,1.367265819982451183e-02,9.863273418001754500e-01
632,1.372364906661088096e-02,9.862763509333891676e-01
633,1.826496007831603374e-01,8.173503992168396071e-01
634,9.801273997350069822e-02,9.019872600264993157e-01
635,9.919177691989042867e-01,8.082230801095713346e-03
636,9.936149289753540836e-01,6.385071024645916360e-03
637,1.511141356773431643e-01,8.488858643226568912e-01
638,2.657921868005858404e-02,9.734207813199413639e-01
639,9.887508578323468411e-01,1.124914216765315889e-02
640,9.923837470409621053e-01,7.616252959037894676e-03
641,9.103733999537622079e-03,9.908962660004623224e-01
642,9.920389578592467839e-01,7.961042140753216145e-03
643,9.133604604488818404e-03,9.908663953955111348e-01
644,2.127069636306664346e-01,7.872930363693335654e-01
645,9.931995511579728708e-01,6.800448842027129182e-03
646,3.857139968364275973e-02,9.614286003163572403e-01
647,9.144896450246827249e-03,9.908551035497531467e-01
648,9.898324732052730113e-01,1.016752679472698873e-02
649,9.843106069099048436e-03,9.901568939309010053e-01
650,9.581981173593658377e-03,9.904180188264063434e-01
651,9.942033160312137019e-01,5.796683968786298102e-03
652,9.113253965408607549e-01,8.867460345913924513e-02
653,9.801048981354900658e-01,1.989510186450993423e-02
654,8.553169483562664960e-03,9.914468305164373385e-01
655,9.915292950055628607e-01,8.470704994437139312e-03
656,8.505932717182734110e-03,9.914940672828173041e-01
657,9.810500806887001435e-01,1.894991931129985652e-02
658,9.859730869570649814e-01,1.402691304293501862e-02
659,1.092376452114743671e-02,9.890762354788525945e-01
660,9.915612186046081078e-01,8.438781395391892204e-03
661,9.926226323065393542e-01,7.377367693460645803e-03
662,8.870319674423105677e-03,9.911296803255769117e-01
663,9.837548432594283021e-01,1.624515674057169790e-02
664,9.005986098946408905e-03,9.909940139010535720e-01
665,9.913742600668452587e-01,8.625739933154741301e-03
666,9.888254364963433574e-01,1.117456350365664264e-02
667,9.922545660115789090e-01,7.745433988421090987e-03
668,9.939317195596916177e-01,6.068280440308382317e-03
669,8.702490556218684184e-03,9.912975094437813661e-01
670,3.123854958570768670e-01,6.876145041429231330e-01
671,9.871874072392901045e-01,1.281259276070989550e-02
672,9.146741594454377983e-03,9.908532584055456116e-01
673,1.050105013999823485e-02,9.894989498600017530e-01
674,3.326562872026684464e-02,9.667343712797331623e-01
675,9.928611189931142444e-01,7.138881006885755554e-03
676,9.759905501451197063e-01,2.400944985488029371e-02
677,9.941585469045307599e-01,5.841453095469240075e-03
678,9.856412286989050253e-01,1.435877130109497468e-02
679,7.969153782293931787e-01,2.030846217706068213e-01
680,9.901683570006158952e-01,9.831642999384104797e-03
681,9.887979694139315337e-03,9.901120203058606517e-01
682,8.589313761878792156e-03,9.914106862381212304e-01
683,9.938075615525323592e-01,6.192438447467640827e-03
684,9.918754257147459619e-01,8.124574285254038131e-03
685,9.171368680947504168e-03,9.908286313190525219e-01
686,1.247240321370015649e-02,9.875275967862998661e-01
687,9.104658864142939345e-03,9.908953411358570884e-01
688,1.063821803536809871e-02,9.893617819646318701e-01
689,8.645207728770774869e-03,9.913547922712292459e-01
690,9.869651139317852095e-01,1.303488606821479046e-02
691,9.941055514931012027e-01,5.894448506898797291e-03
692,9.578839551488694815e-01,4.211604485113051854e-02
693,9.941080796367570693e-01,5.891920363242930669e-03
694,9.837435077557127316e-01,1.625649224428726836e-02
695,8.677630564450117268e-03,9.913223694355498550e-01
696,8.713595954486010389e-03,9.912864040455139358e-01
697,9.933711129342699397e-01,6.628887065730060257e-03
698,2.206861975827966449e-01,7.793138024172033829e-01
699,1.015579044923644453e-02,9.898442095507635763e-01
700,9.938573565926851483e-01,6.142643407314851700e-03
701,8.847074931992276667e-03,9.911529250680076730e-01
702,9.900369340872899881e-01,9.963065912710011851e-03
703,9.310972715059727678e-01,6.890272849402723221e-02
704,5.076124819654841136e-02,9.492387518034516303e-01
705,9.898024503186415579e-01,1.019754968135844209e-02
706,8.822122472769639359e-03,9.911778775272304109e-01
707,9.427201559990010596e-03,9.905727984400100050e-01
708,8.822481065906107034e-03,9.911775189340938930e-01
709,9.936283649441934873e-01,6.371635055806512682e-03
710,1.755152408221501148e-02,9.824484759177849469e-01
711,9.390332210726513862e-03,9.906096677892735070e-01
712,9.668330153902173763e-01,3.316698460978262375e-02
713,9.593879601311208205e-01,4.061203986887917949e-02
714,9.801048981354900658e-01,1.989510186450993423e-02
715,1.139213965852696638e-02,9.886078603414730770e-01
716,2.037148982066510905e-01,7.962851017933488817e-01
717,1.260787157338217647e-02,9.873921284266178322e-01
718,8.619075618669447617e-03,9.913809243813305194e-01
719,1.256841600268043986e-02,9.874315839973195619e-01
720,3.752666473483632498e-02,9.624733352651636542e-01
721,4.944695417663820258e-01,5.055304582336179742e-01
722,9.935604728622843274e-01,6.439527137715672644e-03
723,1.215781164431955705e-02,9.878421883556804950e-01
724,3.350368921176100079e-02,9.664963107882389437e-01
725,9.915396694866027705e-01,8.460330513397229524e-03
726,9.781574295138526498e-01,2.184257048614735019e-02
727,7.283173926333558201e-02,9.271682607366644735e-01
728,9.867075819905247736e-01,1.329241800947522645e-02
729,8.609554719742255544e-03,9.913904452802577705e-01
730,9.933013517493156641e-01,6.698648250684335892e-03
731,9.844096580154416687e-01,1.559034198455833131e-02
732,3.214157063164941458e-02,9.678584293683505368e-01
733,9.901683570006158952e-01,9.831642999384104797e-03
734,8.691859336156688987e-03,9.913081406638433180e-01
735,9.080917220392758712e-03,9.909190827796072742e-01
736,9.199045954576694495e-01,8.009540454233055051e-02
737,9.929846180640097275e-01,7.015381935990272488e-03
738,9.552484190961638699e-01,4.475158090383613008e-02
739,9.682476599537366280e-01,3.175234004626337203e-02
740,4.040256936557725664e-01,5.959743063442274336e-01
741,9.919689740572713577e-01,8.031025942728642342e-03
742,9.930934969557048131e-01,6.906503044295186911e-03
743,9.910783682586178367e-01,8.921631741382163305e-03
744,8.660501359781047973e-03,9.913394986402189746e-01
745,9.918678253243721210e-01,8.132174675627878990e-03
746,9.776910749002460932e-01,2.230892509975390681e-02
747,8.696926675463886869e-03,9.913030733245361548e-01
748,9.936814273087181126e-01,6.318572691281887366e-03
749,9.940289829468907934e-01,5.971017053109206607e-03
750,9.248195984155925878e-03,9.907518040158440620e-01
751,8.938884794764359043e-01,1.061115205235640957e-01
752,9.605228186138386332e-03,9.903947718138615963e-01
753,1.000589683963525565e-02,9.899941031603647357e-01
754,8.091944688449531631e-01,1.908055311550468369e-01
755,3.889609719178441921e-02,9.611039028082155600e-01
756,8.866803127024295086e-03,9.911331968729757413e-01
757,1.052775090293271987e-01,8.947224909706728013e-01
758,9.848609201951198378e-01,1.513907980488016225e-02
759,9.899598332983913229e-01,1.004016670160867708e-02
760,9.835701348531646904e-01,1.642986514683530963e-02
761,9.796221532572942925e-01,2.037784674270570751e-02
762,8.392555931133064209e-03,9.916074440688669167e-01
763,9.922098905160202653e-01,7.790109483979734684e-03
764,9.921673721042766347e-01,7.832627895723365263e-03
765,1.006955591379657226e-02,9.899304440862034538e-01
766,3.015229875828288886e-02,9.698477012417171528e-01
767,4.053969965631679662e-01,5.946030034368320338e-01
768,2.326025999044660231e-01,7.673974000955339214e-01
769,8.364474402423509314e-02,9.163552559757649485e-01
770,5.754902544209811871e-02,9.424509745579018327e-01
771,9.837420969439473195e-01,1.625790305605268049e-02
772,9.935957660783560907e-01,6.404233921643909255e-03
773,9.841135550101460794e-01,1.588644498985392062e-02
774,1.358354911832923735e-02,9.864164508816707366e-01
775,9.797499361121909667e-01,2.025006388780903333e-02
776,8.945844214559118407e-03,9.910541557854408712e-01
777,9.855778851158588649e-01,1.442211488414113507e-02
778,9.721019474309404718e-01,2.789805256905952824e-02
779,9.916605511376946902e-01,8.339448862305309795e-03
780,9.822266308530905321e-02,9.017773369146909745e-01
781,9.679218643536730005e-01,3.207813564632699954e-02
782,1.045696203530292745e-01,8.954303796469706977e-01
783,8.744181417235773884e-03,9.912558185827642365e-01
784,9.917428389353344365e-01,8.257161064665563543e-03
785,9.344058308740041952e-01,6.559416912599580485e-02
786,9.002373716177472507e-03,9.909976262838224859e-01
787,9.889108738683373145e-01,1.108912613166268546e-02
788,9.905379445654179937e-01,9.462055434582006264e-03
789,9.719467436076955069e-01,2.805325639230449308e-02
790,9.897190036328729068e-01,1.028099636712709319e-02
791,9.452951610402035576e-03,9.905470483895979505e-01
792,8.749022594997140495e-03,9.912509774050028977e-01
793,1.671790965559446784e-01,8.328209034440553493e-01
794,9.928706369149963296e-01,7.129363085003670442e-03
795,9.159075064939072378e-03,9.908409249350609294e-01
796,9.933991938860847748e-01,6.600806113915225204e-03
797,7.652154654773727360e-01,2.347845345226272640e-01
798,9.898024503186415579e-01,1.019754968135844209e-02
799,4.994569330390213890e-02,9.500543066960978056e-01
800,1.013468254211461958e-02,9.898653174578854186e-01
801,9.923446736985022110e-01,7.655326301497789032e-03
802,1.120100212495421174e-02,9.887989978750457709e-01
803,9.267807599565488705e-03,9.907321924004345304e-01
804,6.544829196609447397e-02,9.345517080339055260e-01
805,9.795597300386232886e-01,2.044026996137671137e-02
806,9.929701837228248618e-01,7.029816277175138239e-03
807,9.652763962570692913e-01,3.472360374293070873e-02
808,1.052255551594372292e-02,9.894774444840562788e-01
809,9.941913056841379381e-01,5.808694315862061863e-03
810,9.918315488312100525e-01,8.168451168789947481e-03
811,2.095925505770624975e-01,7.904074494229375025e-01
812,2.029141422640371242e-02,9.797085857735963188e-01
813,2.527953876708748451e-02,9.747204612329125606e-01
814,1.043376632113935006e-02,9.895662336788606517e-01
815,9.408366801234472471e-03,9.905916331987655310e-01
816,8.847656150455645088e-03,9.911523438495443150e-01
817,8.669393704223900612e-03,9.913306062957760734e-01
818,8.674439859880483591e-03,9.913255601401195216e-01
819,9.938954462533631240e-01,6.104553746636875999e-03
820,9.900224418087233413e-01,9.977558191276658661e-03
821,9.861871204301406874e-03,9.901381287956986244e-01
822,9.370862149992777515e-03,9.906291378500071687e-01
823,8.757479317985908743e-03,9.912425206820141277e-01
824,9.510340498079122851e-01,4.896595019208771493e-02
825,9.853794875685298882e-01,1.462051243147011181e-02
826,2.992178056083977244e-02,9.700782194391601720e-01
827,9.843425919277126734e-01,1.565740807228732656e-02
828,9.334300406562898722e-01,6.656995934371012780e-02
829,8.948657071195242896e-01,1.051342928804757104e-01
830,9.870562329011571823e-01,1.294376709884281773e-02
831,9.808907655110816748e-01,1.910923448891832521e-02
832,1.134542695352748314e-02,9.886545730464725290e-01
833,9.679719501174171015e-01,3.202804988258289853e-02
834,1.140817320684306829e-01,8.859182679315693587e-01
835,9.831437658477709673e-01,1.685623415222903265e-02
836,9.936333049369611148e-01,6.366695063038885216e-03
837,9.938333492489100918e-01,6.166650751089908233e-03
838,9.038287966536000528e-01,9.617120334639994716e-02
839,9.929944136834364388e-01,7.005586316563561233e-03
840,8.845837355451521139e-03,9.911541626445484754e-01
841,9.775982032846589620e-01,2.240179671534103800e-02
842,8.831733704057547207e-01,1.168266295942452793e-01
843,1.080987415849226849e-02,9.891901258415077836e-01
844,9.157175537622790074e-03,9.908428244623772585e-01
845,8.745210617002119324e-03,9.912547893829979362e-01
846,8.986923498534634541e-03,9.910130765014654175e-01
847,9.863087065867894854e-01,1.369129341321051463e-02
848,8.960576553756181145e-03,9.910394234462438501e-01
849,7.612070542701440679e-02,9.238792945729855655e-01
850,9.176353009682113315e-01,8.236469903178866847e-02
851,2.569201024248877752e-01,7.430798975751122804e-01
852,5.065800085637205130e-02,9.493419991436279348e-01
853,1.910499839905045738e-02,9.808950016009495565e-01
854,6.574346765519120672e-02,9.342565323448087655e-01
855,8.500392954984137620e-03,9.914996070450158294e-01
856,2.035894602675588153e-02,9.796410539732440803e-01
857,1.432282604600141479e-02,9.856771739539985644e-01
858,8.772584179810926502e-03,9.912274158201890284e-01
859,9.934271628970489099e-01,6.572837102951090138e-03
860,9.867101584198711972e-01,1.328984158012880279e-02
861,3.737353823890819660e-02,9.626264617610917895e-01
862,3.032462957409953752e-02,9.696753704259004625e-01
863,9.200694063722021296e-03,9.907993059362779631e-01
864,9.911343450051161019e-01,8.865654994883898077e-03
865,9.939773916736536208e-01,6.022608326346379215e-03
866,1.258063020577061125e-02,9.874193697942293957e-01
867,1.817400034029808056e-02,9.818259996597019645e-01
868,1.065941292964190518e-02,9.893405870703581018e-01
869,9.888619593571154054e-01,1.113804064288459461e-02
870,9.871765766451122692e-01,1.282342335488773077e-02
871,9.929474000836289171e-01,7.052599916371082855e-03
872,8.708033268245072428e-03,9.912919667317549033e-01
873,9.854297980324785433e-01,1.457020196752145669e-02
874,2.915261201759705711e-02,9.708473879824028874e-01
875,8.996012590095153749e-01,1.003987409904846251e-01
876,9.882161229700873184e-01,1.178387702991268160e-02
877,9.913591312856455673e-01,8.640868714354432711e-03
878,9.917110596727657379e-01,8.288940327234262107e-03
879,1.046092749125150101e-01,8.953907250874849622e-01
880,9.022419480898597258e-03,9.909775805191014530e-01
881,9.788119647560813430e-01,2.118803524391865700e-02
882,1.011556116900564142e-02,9.898844388309943065e-01
883,9.938263462593570630e-01,6.173653740642937038e-03
884,9.701700898430908326e-01,2.982991015690916736e-02
885,5.864261865943285468e-01,4.135738134056714532e-01
886,1.120068446415155849e-01,8.879931553584844428e-01
887,1.706874860021990459e-01,8.293125139978009264e-01
888,9.832655545572782652e-01,1.673444544272173484e-02
889,9.922067091329259680e-01,7.793290867074031958e-03
890,7.006907668180833992e-01,2.993092331819166008e-01
891,9.786259362977279830e-01,2.137406370227201702e-02
892,9.941033045913262312e-01,5.896695408673768846e-03
893,9.643196362298719349e-01,3.568036377012806515e-02
894,8.189880533219692227e-01,1.810119466780307773e-01
895,9.933415573025046186e-01,6.658442697495381424e-03
896,9.909982728721733469e-01,9.001727127826653074e-03
897,3.718289132987578210e-02,9.628171086701242665e-01
898,9.898024503186415579e-01,1.019754968135844209e-02
899,9.521630287599928133e-01,4.783697124000718670e-02
900,8.817753800546546811e-03,9.911822461994534983e-01
901,9.331235221960576878e-03,9.906687647780394457e-01
902,9.885873274840706326e-01,1.141267251592936738e-02
903,9.919518959441735451e-01,8.048104055826454939e-03
904,9.717893419047184400e-01,2.821065809528155999e-02
905,9.935792752755631119e-01,6.420724724436888131e-03
906,2.282417788333598527e-02,9.771758221166639835e-01
907,1.392289390539191811e-02,9.860771060946080802e-01
908,2.775426892854117034e-01,7.224573107145882966e-01
909,1.021053366084082557e-02,9.897894663391592074e-01
910,8.366710274514360321e-03,9.916332897254855894e-01
911,9.928168738885809752e-01,7.183126111419024795e-03
912,9.313589072943344663e-03,9.906864109270566709e-01
913,9.729729866554583939e-01,2.702701334454160609e-02
914,9.883384354190635213e-01,1.166156458093647874e-02
915,9.816435257409130699e-01,1.835647425908693009e-02
916,9.883606780023725946e-01,1.163932199762740538e-02
917,9.698624934882282139e-03,9.903013750651177283e-01
918,9.029439756046550233e-03,9.909705602439534688e-01
919,3.026624981920267299e-02,9.697337501807973270e-01
920,8.600822939535600620e-01,1.399177060464399380e-01
921,1.760604168845275597e-01,8.239395831154724403e-01
922,8.773117510776093364e-02,9.122688248922390386e-01
923,8.481160255267390299e-03,9.915188397447326496e-01
924,9.927704128883831913e-01,7.229587111616808670e-03
925,1.258028665077383194e-02,9.874197133492261802e-01
926,9.925855263739401524e-01,7.414473626059847611e-03
927,9.919796945863607052e-01,8.020305413639294834e-03
928,8.671090461802095917e-03,9.913289095381978555e-01
929,1.249520563337605007e-02,9.875047943666239725e-01
930,9.055482407456235533e-03,9.909445175925437610e-01
931,9.702371937528762522e-03,9.902976280624712357e-01
932,9.925154350693420335e-01,7.484564930657966464e-03
933,9.877091335035131925e-01,1.229086649648680751e-02
934,1.306078674617547862e-02,9.869392132538244988e-01
935,8.732298523689688285e-03,9.912677014763102701e-01
936,7.313701893954628330e-01,2.686298106045371670e-01
937,8.259053854883586787e-01,1.740946145116413213e-01
938,8.287376243494563866e-02,9.171262375650544030e-01
939,9.555603476955198960e-01,4.443965230448010395e-02
940,9.705877460847068747e-03,9.902941225391529434e-01
941,9.939020707899047791e-01,6.097929210095220931e-03
942,1.019772776331666873e-02,9.898022722366833781e-01
943,9.890944429260516424e-01,1.090555707394835760e-02
944,9.889777157951930020e-01,1.102228420480699800e-02
945,9.167131839220870118e-03,9.908328681607790900e-01
946,9.910084038319945110e-01,8.991596168005488998e-03
947,1.238827018712143797e-02,9.876117298128785915e-01
948,9.026146462382079322e-03,9.909738535376179103e-01
949,1.019214130691874567e-02,9.898078586930812994e-01
950,7.419920413812900462e-01,2.580079586187099538e-01
951,8.971961681448589049e-03,9.910280383185514630e-01
952,5.028922499478971631e-02,9.497107750052102837e-01
953,1.166677117059907731e-01,8.833322882940092269e-01
954,8.781391360741647861e-03,9.912186086392583695e-01
955,9.940065429188380541e-01,5.993457081161945865e-03
956,9.715691767229384102e-01,2.843082327706158985e-02
957,9.920687434367005952e-01,7.931256563299404760e-03
958,1.705300466202199286e-02,9.829469953379780245e-01
959,9.033775749930797114e-03,9.909662242500691942e-01
960,9.939008453125530718e-01,6.099154687446928236e-03
961,9.859154777691552241e-01,1.408452223084477595e-02
962,9.796812909346631626e-01,2.031870906533683740e-02
963,8.569956145008505999e-01,1.430043854991494001e-01
964,4.737617630966588500e-01,5.262382369033411500e-01
965,8.896462479319472080e-03,9.911035375206804776e-01
966,9.906064558617558857e-01,9.393544138244114272e-03
967,9.877829743060675405e-01,1.221702569393245952e-02
968,8.877698889827297934e-01,1.122301110172702066e-01
969,1.076752396497447639e-02,9.892324760350255097e-01
970,8.968405203732494890e-03,9.910315947962674565e-01
971,9.517966808893434105e-03,9.904820331911066145e-01
972,9.941379777325588529e-01,5.862022267441147072e-03
973,9.765059558178110916e-03,9.902349404418219203e-01
974,8.942306448150312559e-03,9.910576935518496944e-01
975,8.745654787433391197e-01,1.254345212566608803e-01
976,1.423894131988634112e-02,9.857610586801136554e-01
977,9.730193965411169238e-03,9.902698060345888065e-01
978,8.790381802333258748e-03,9.912096181976667308e-01
979,9.182628689907251091e-03,9.908173713100927316e-01
980,9.028188163835128011e-01,9.718118361648719894e-02
981,8.755099528804946574e-03,9.912449004711950673e-01
982,8.138183522746099408e-02,9.186181647725389920e-01
983,9.329507459895511334e-03,9.906704925401045303e-01
984,9.232838137103986306e-03,9.907671618628960397e-01
985,9.040898765544562107e-03,9.909591012344554084e-01
986,1.423481234209145532e-02,9.857651876579085481e-01
987,9.099356136848039261e-03,9.909006438631519087e-01
988,1.673359024244878632e-02,9.832664097575511963e-01
989,8.860364596916003518e-03,9.911396354030840294e-01
990,9.833040586948359474e-01,1.669594130516405261e-02
991,1.842280668194059834e-01,8.157719331805940444e-01
992,8.518371008505863651e-02,9.148162899149413496e-01
993,9.904359313215919114e-01,9.564068678408088608e-03
994,5.176738857211514722e-01,4.823261142788485278e-01
995,9.923095327048242487e-01,7.690467295175751339e-03
996,9.940438767873406301e-01,5.956123212659369948e-03
997,9.855778851158588649e-01,1.442211488414113507e-02
998,8.563741844086059443e-03,9.914362581559139631e-01
999,8.647541556766516480e-03,9.913524584432334974e-01
1000,9.214855807718184966e-02,9.078514419228181920e-01
1001,9.921237255250302534e-01,7.876274474969746642e-03
1002,9.860392624228968561e-01,1.396073757710314389e-02
1003,9.826727917327703343e-01,1.732720826722966567e-02
1004,9.933923417802258821e-03,9.900660765821976961e-01
1005,2.662107567078296766e-01,7.337892432921703234e-01
1006,8.696527922230705768e-03,9.913034720777692543e-01
1007,1.001149094407057828e-02,9.899885090559293888e-01
1008,8.523987870051671564e-03,9.914760121299482920e-01
1009,9.915509382346520129e-01,8.449061765347987141e-03
1010,6.863206616650638914e-01,3.136793383349361086e-01
1011,9.576889552960328178e-01,4.231104470396718220e-02
1012,8.682496781993767968e-03,9.913175032180062685e-01
1013,9.929647228563622807e-01,7.035277143637719277e-03
1014,7.577722352039842346e-02,9.242227764796016043e-01
1015,9.075688230729845110e-03,9.909243117692702052e-01
1016,1.653941198570885451e-01,8.346058801429114826e-01
1017,9.880562290839139949e-01,1.194377091608600505e-02
1018,9.544255383323574024e-03,9.904557446166764034e-01
1019,8.911708037010416389e-03,9.910882919629895316e-01
1020,9.918852031943756753e-01,8.114796805624324705e-03
1021,3.040774448122036677e-01,6.959225551877963323e-01
1022,7.633764808485374864e-01,2.366235191514625136e-01
1023,9.929885100556465893e-01,7.011489944353410664e-03
1024,9.928085376741558887e-01,7.191462325844111270e-03
1025,3.950751033986583671e-01,6.049248966013416329e-01
1026,9.931277040846941961e-01,6.872295915305803859e-03
1027,9.124956160511709866e-03,9.908750438394883231e-01
1028,9.910281850045518301e-03,9.900897181499545008e-01
1029,9.935832833646369711e-01,6.416716635363028942e-03
1030,9.577055592964733854e-01,4.229444070352661456e-02
1031,9.909356088852486755e-01,9.064391114751324530e-03
1032,9.679791560589858790e-01,3.202084394101412101e-02
1033,9.932913787190102983e-01,6.708621280989701674e-03
1034,9.805175860766360829e-01,1.948241392336391709e-02
1035,8.919161380485231966e-03,9.910808386195147923e-01
1036,1.747353150160759483e-01,8.252646849839240240e-01
1037,8.968489966444332176e-03,9.910315100335557181e-01
1038,9.891509733524672665e-01,1.084902664753273349e-02
1039,1.967123168660243546e-02,9.803287683133975472e-01
1040,9.927100942813043005e-01,7.289905718695699477e-03
1041,9.633857085926598313e-03,9.903661429140734329e-01
1042,9.930457705995747730e-01,6.954229400425226970e-03
1043,9.795329609203810017e-01,2.046703907961899827e-02
1044,9.557277670160870681e-03,9.904427223298390981e-01
1045,9.929977863896513046e-01,7.002213610348695383e-03
1046,8.992608522688468053e-02,9.100739147731152778e-01
1047,3.185819170754851659e-01,6.814180829245148896e-01
1048,9.433525310433539257e-01,5.664746895664607429e-02
1049,8.684438279172514152e-03,9.913155617208274650e-01
1050,1.062581386762328356e-02,9.893741861323767095e-01
1051,8.504553472357701330e-03,9.914954465276423212e-01
1052,9.913346829058795606e-01,8.665317094120439378e-03
1053,9.336308421389682977e-01,6.636915786103170234e-02
1054,3.154599492946117412e-01,6.845400507053882588e-01
1055,9.831206660871722250e-03,9.901687933391283281e-01
1056,8.268304530145191844e-01,1.731695469854808156e-01
1057,2.502432819439069298e-02,9.749756718056092897e-01
1058,4.429791421360079751e-02,9.557020857863991470e-01
1059,9.536631508885935402e-03,9.904633684911140490e-01
1060,1.638589585492627732e-01,8.361410414507371991e-01
1061,9.909908726416818414e-01,9.009127358318158585e-03
1062,9.782501396239335900e-01,2.174986037606640998e-02
1063,9.762951612453732997e-01,2.370483875462670031e-02
1064,9.939962875347172488e-01,6.003712465282751154e-03
1065,6.170114637220555642e-02,9.382988536277944158e-01
1066,3.412373161148064549e-01,6.587626838851935451e-01
1067,9.930552216394307186e-01,6.944778360569281439e-03
1068,9.754506573394009505e-01,2.454934266059904946e-02
1069,9.938564337213964262e-01,6.143566278603573849e-03
1070,9.898024503186415579e-01,1.019754968135844209e-02
1071,4.227926204356198536e-02,9.577207379564379730e-01
1072,9.038297451390238380e-03,9.909617025486097130e-01
1073,1.769733012122992610e-02,9.823026698787700184e-01
1074,9.915007282304476588e-01,8.499271769552341205e-03
1075,9.171208356130108180e-03,9.908287916438699439e-01
1076,6.072134112893507601e-02,9.392786588710648754e-01
1077,9.939242833927742771e-01,6.075716607225722932e-03
1078,8.689739822489679633e-02,9.131026017751031620e-01
1079,7.504445172032463418e-01,2.495554827967536582e-01
1080,9.680067015534967734e-01,3.199329844650322663e-02
1081,9.934828809759830293e-01,6.517119024016970741e-03
1082,4.834594189921063295e-02,9.516540581007894017e-01
1083,9.940340242504620560e-01,5.965975749537943962e-03
1084,1.004074019211934586e-02,9.899592598078806871e-01
1085,9.938850570038494370e-01,6.114942996150563026e-03
1086,1.143633591858300019e-02,9.885636640814170484e-01
1087,1.019754486837528770e-02,9.898024551316246811e-01
1088,9.915143555760858041e-01,8.485644423914195933e-03
1089,7.199488868513662654e-01,2.800511131486337346e-01
1090,9.991566633020367363e-03,9.900084333669796344e-01
1091,2.356502131333597025e-02,9.764349786866640679e-01
1092,8.850617188660316395e-03,9.911493828113396853e-01
1093,6.409943630215236832e-02,9.359005636978476872e-01
1094,8.821813927447390985e-03,9.911781860725525917e-01
1095,8.534863404184800384e-03,9.914651365958151441e-01
1096,9.936038259907044035e-01,6.396174009295596541e-03
1097,8.938806772394214395e-01,1.061193227605785605e-01
1098,8.871242001377481132e-03,9.911287579986225449e-01
1099,1.170409147592728349e-01,8.829590852407271928e-01
1100,9.866747833320982375e-01,1.332521666790176251e-02
1101,9.157404844804166791e-03,9.908425951551957933e-01
1102,9.909244961664299689e-01,9.075503833570031098e-03
1103,9.905379445654179937e-01,9.462055434582006264e-03
1104,1.165552072581312222e-02,9.883444792741868934e-01
1105,9.940488576373349705e-01,5.951142362665029495e-03
1106,9.071430889676712628e-03,9.909285691103233429e-01
1107,9.741767845559383687e-01,2.582321544406163127e-02
1108,9.918727008415789692e-01,8.127299158421030789e-03
1109,8.738372204358692621e-03,9.912616277956413091e-01
1110,1.891190020406609620e-02,9.810880997959339211e-01
1111,8.570485294236365389e-03,9.914295147057636814e-01
1112,9.773787452143009036e-01,2.262125478569909642e-02
1113,9.136789966388890114e-03,9.908632100336111082e-01
1114,8.536090133199549998e-03,9.914639098668004413e-01
1115,1.570782864313076677e-01,8.429217135686923879e-01
1116,3.083279977448142445e-02,9.691672002255186102e-01
1117,8.976316983920925446e-03,9.910236830160791266e-01
1118,9.915006237534126354e-01,8.499376246587364570e-03
1119,9.918992919977540623e-01,8.100708002245937678e-03
1120,9.884024772359192856e-02,9.011597522764080992e-01
1121,1.055494012325189183e-02,9.894450598767481342e-01
1122,3.288305446456941949e-02,9.671169455354305944e-01
1123,9.130730086228158737e-02,9.086926991377184404e-01
1124,5.515230384115397122e-01,4.484769615884602878e-01
1125,9.900497897449654916e-01,9.950210255034508400e-03
1126,9.208634836190842526e-03,9.907913651638091679e-01
1127,1.012200902456487570e-02,9.898779909754351625e-01
1128,9.739601720676970276e-01,2.603982793230297244e-02
1129,9.911098881574051944e-01,8.890111842594805580e-03
1130,9.341542260427878469e-03,9.906584577395721736e-01
1131,9.860288676999209301e-01,1.397113230007906992e-02
1132,8.891498428007580182e-03,9.911085015719923730e-01
1133,1.750039733050600121e-01,8.249960266949399879e-01
1134,9.430568519412900128e-03,9.905694314805870704e-01
1135,9.929463848869252152e-01,7.053615113074784837e-03
1136,1.046667071385540271e-02,9.895333292861445695e-01
1137,9.885856918851008146e-01,1.141430811489918540e-02
1138,9.903409788482683274e-01,9.659021151731672639e-03
1139,9.858498947392523304e-01,1.415010526074766961e-02
1140,9.921433453437179528e-01,7.856654656282047178e-03
1141,9.838856458543955297e-01,1.611435414560447033e-02
1142,9.901650931376115850e-01,9.834906862388415050e-03
1143,8.810201226774229746e-03,9.911897987732257720e-01
1144,9.545431943743848749e-03,9.904545680562562016e-01
1145,7.327884920695276749e-01,2.672115079304723251e-01
1146,9.919003072630210305e-01,8.099692736978969521e-03
1147,9.895911259828624740e-01,1.040887401713752602e-02
1148,9.941155655524470669e-01,5.884434447552933101e-03
1149,9.923165562342119994e-01,7.683443765788000590e-03
1150,8.923967825552995420e-03,9.910760321744469525e-01
1151,9.491549612145705472e-01,5.084503878542945277e-02
1152,1.162968798273064652e-02,9.883703120172693257e-01
1153,9.940178783033960519e-01,5.982121696603948102e-03
1154,1.009480285783949036e-02,9.899051971421605201e-01
1155,9.919518959441735451e-01,8.048104055826454939e-03
1156,5.672008802365106073e-01,4.327991197634893927e-01
1157,9.939763068636345844e-01,6.023693136365415590e-03
1158,9.910771918587747420e-01,8.922808141225258005e-03
1159,9.901683570006158952e-01,9.831642999384104797e-03
1160,9.901683570006158952e-01,9.831642999384104797e-03
1161,9.673769695587923767e-01,3.262303044120762330e-02
1162,9.902405226295751817e-01,9.759477370424818332e-03
1163,9.486542359153334880e-01,5.134576408466651198e-02
1164,9.929010681638765767e-01,7.098931836123423267e-03
1165,9.149529455497049796e-03,9.908504705445029259e-01
1166,7.726455133394620478e-02,9.227354486660538369e-01
1167,1.517704591898382527e-01,8.482295408101617751e-01
1168,9.912437830848072062e-01,8.756216915192793770e-03
1169,1.501347189726684184e-01,8.498652810273316094e-01
1170,1.018522138388721840e-02,9.898147786161127781e-01
1171,1.419216635278227473e-02,9.858078336472176906e-01
1172,9.915320819839059663e-01,8.467918016094033717e-03
1173,1.188024400886499889e-02,9.881197559911349959e-01
1174,8.884555046988826602e-03,9.911154449530111821e-01
1175,9.927525053778246678e-01,7.247494622175332246e-03
1176,9.752746890589967244e-01,2.472531094100327564e-02
1177,9.931348178986453279e-01,6.865182101354672106e-03
1178,4.778065908639667625e-01,5.221934091360331820e-01
1179,9.538582297088744610e-01,4.614177029112553896e-02
1180,9.700399949174604020e-01,2.996000508253959804e-02
1181,3.102881004943250712e-02,9.689711899505675241e-01
1182,2.391674334997304641e-01,7.608325665002695359e-01
1183,1.005846801746994833e-02,9.899415319825300985e-01
1184,9.302225163002956210e-01,6.977748369970437903e-02
1185,9.901683570006158952e-01,9.831642999384104797e-03
1186,9.886093746697263152e-01,1.139062533027368485e-02
1187,9.507578434862643535e-01,4.924215651373564651e-02
1188,9.738409077347303100e-01,2.615909226526969000e-02
1189,1.043599188635738022e-02,9.895640081136426458e-01
1190,1.231643012590057235e-01,8.768356987409943182e-01
1191,9.931003518813985576e-01,6.899648118601442448e-03
1192,9.834888821846443641e-01,1.651111781535563594e-02
1193,9.918440445363658764e-01,8.155955463634123603e-03
1194,9.832750378149784920e-01,1.672496218502150800e-02
1195,9.469173000383780681e-03,9.905308269996162540e-01
1196,9.725777721743610327e-01,2.742222782563896732e-02
1197,9.127425127565698126e-01,8.725748724343018736e-02
1198,9.849000228911665156e-01,1.509997710883348443e-02
1199,7.088940676500095350e-02,9.291105932349990049e-01
1200,9.933948431760840636e-01,6.605156823915936393e-03
1201,9.911441484063812091e-01,8.855851593618790929e-03
1202,8.982091941921498471e-03,9.910179080580785449e-01
1203,9.810904840096748014e-01,1.890951599032519859e-02
1204,9.585900383851393425e-01,4.140996161486065752e-02
1205,1.822222660720650700e-01,8.177777339279349578e-01
1206,9.926454061148428654e-01,7.354593885157134636e-03
1207,9.920767497797321477e-01,7.923250220267852306e-03
1208,9.391077246195437267e-01,6.089227538045627330e-02
1209,9.935559957453360402e-01,6.444004254663959763e-03
1210,9.941709340873985390e-01,5.829065912601461008e-03
1211,9.905103658209079009e-01,9.489634179092099053e-03
1212,8.680609057870004516e-03,9.913193909421299521e-01
1213,9.720578553040224445e-01,2.794214469597755546e-02
1214,1.192416275779456386e-01,8.807583724220543475e-01
1215,8.843396153554365299e-03,9.911566038464456607e-01
1216,1.016646627934953730e-02,9.898335337206504159e-01
1217,9.200846205321064342e-03,9.907991537946789773e-01
1218,8.780943115549822570e-03,9.912190568844502225e-01
1219,8.823373441759187197e-03,9.911766265582407920e-01
1220,9.916050230618306260e-01,8.394976938169373959e-03
1221,9.670023387096686740e-01,3.299766129033132600e-02
1222,9.175893585371151795e-03,9.908241064146288135e-01
1223,9.751864406557951837e-01,2.481355934420481635e-02
1224,9.544176246140859687e-01,4.558237538591403126e-02
1225,9.460032192360824377e-01,5.399678076391756232e-02
1226,1.610696203467830781e-02,9.838930379653216818e-01
1227,9.794420374513784777e-01,2.055796254862152228e-02
1228,9.785927364369746001e-03,9.902140726356302158e-01
1229,9.754520560868000789e-01,2.454794391319992108e-02
1230,4.176907928522465285e-01,5.823092071477534715e-01
1231,9.933887924916966483e-01,6.611207508303351688e-03
1232,9.926059225041830025e-01,7.394077495816997470e-03
1233,3.155773671927262353e-02,9.684422632807273557e-01
1234,9.893971609139704526e-01,1.060283908602954739e-02
1235,8.755169878593345792e-03,9.912448301214066282e-01
1236,9.771918311335068066e-03,9.902280816886649406e-01
1237,9.342704281074483141e-01,6.572957189255168586e-02
1238,9.918328506283222712e-01,8.167149371677728809e-03
1239,9.838134394376882863e-01,1.618656056231171370e-02
1240,9.884678886036577516e-01,1.153211139634224836e-02
1241,1.940250731858123023e-02,9.805974926814187143e-01
1242,9.658228701268678495e-01,3.417712987313215045e-02
1243,8.794899149406036273e-03,9.912051008505939897e-01
1244,2.490394415498560846e-02,9.750960558450143534e-01
1245,9.597561273590234920e-01,4.024387264097650796e-02
1246,9.838413343840337125e-03,9.901615866561596091e-01
1247,8.994302310605710449e-02,9.100569768939429371e-01
1248,8.767556001454896997e-01,1.232443998545103003e-01
1249,9.228987364421101930e-03,9.907710126355788738e-01
1250,9.078986564984984839e-03,9.909210134350150412e-01
1251,9.936294818302429110e-01,6.370518169757088955e-03
1252,9.854592628694796019e-01,1.454073713052039807e-02
1253,9.920087929446641528e-01,7.991207055335847187e-03
1254,9.734498012523845611e-01,2.655019874761543885e-02
1255,9.908979176200718442e-01,9.102082379928155831e-03
1256,9.940737813142441759e-01,5.926218685755824112e-03
1257,9.688270877109666709e-03,9.903117291228903385e-01
1258,8.558221867698035945e-01,1.441778132301964055e-01
1259,9.761024067530920112e-01,2.389759324690798881e-02
1260,8.926414194969265262e-03,9.910735858050306879e-01
1261,9.842988781245386454e-01,1.570112187546135463e-02
1262,8.915714126273977316e-03,9.910842858737259897e-01
1263,9.299358015263811672e-03,9.907006419847361745e-01
1264,1.017735016018632074e-02,9.898226498398137174e-01
1265,1.498486940491223531e-02,9.850151305950877179e-01
1266,8.727091127853062527e-03,9.912729088721469184e-01
1267,9.940334077525334600e-01,5.966592247466540044e-03
1268,9.940811646576144245e-01,5.918835342385575515e-03
1269,8.692529059816427039e-03,9.913074709401835660e-01
1270,1.880624810625863841e-02,9.811937518937413616e-01
1271,9.881862783839208131e-01,1.181372161607918692e-02
1272,1.027718342650439307e-02,9.897228165734955896e-01
1273,9.052145483383827046e-03,9.909478545166161556e-01
1274,9.271249559419368971e-03,9.907287504405806189e-01
1275,4.969557617578258812e-02,9.503044238242174258e-01
1276,9.626753914736910778e-01,3.732460852630892223e-02
1277,9.935143487340579727e-01,6.485651265942027344e-03
1278,5.473664700440616926e-02,9.452633529955938307e-01
1279,9.922783356692125301e-01,7.721664330787469943e-03
1280,9.933593434686714962e-01,6.640656531328503753e-03
1281,9.166473526706580763e-03,9.908335264732933689e-01
1282,9.343354631948422861e-01,6.566453680515771385e-02
1283,1.036426770559255826e-02,9.896357322944074886e-01
1284,9.901244210348214558e-01,9.875578965178544166e-03
1285,9.923544696868691339e-01,7.645530313130866062e-03
1286,9.920961043056527595e-01,7.903895694347240486e-03
1287,9.546857314845702547e-01,4.531426851542974532e-02
1288,8.630312117973141031e-03,9.913696878820268399e-01
1289,9.906857069482084555e-01,9.314293051791544542e-03
1290,9.545034614027502196e-01,4.549653859724978044e-02
1291,9.882606672410726434e-01,1.173933275892735661e-02
1292,9.904432459060042993e-01,9.556754093995700750e-03
1293,6.058021468523389075e-01,3.941978531476610925e-01
1294,1.036193503134846816e-02,9.896380649686515873e-01
1295,8.707424098374281010e-03,9.912925759016256722e-01
1296,9.912632591407164462e-01,8.736740859283553817e-03
1297,1.113364042943743894e-02,9.888663595705625697e-01
1298,9.735741557830928095e-01,2.642584421690719054e-02
1299,9.905956853082730218e-01,9.404314691726978204e-03
1300,8.757938794593274692e-03,9.912420612054066993e-01
1301,9.752194397113443311e-03,9.902478056028866105e-01
1302,8.652427859182616407e-03,9.913475721408173680e-01
1303,1.061135332261741032e-01,8.938864667738258829e-01
1304,9.460453176639946893e-01,5.395468233600531072e-02
1305,9.919344499169471252e-01,8.065550083052874797e-03
1306,8.932554133099955204e-03,9.910674458669000986e-01
1307,9.358546789357118437e-03,9.906414532106428972e-01
1308,1.049996279893500722e-01,8.950003720106499694e-01
1309,9.300622066515273900e-01,6.993779334847260998e-02
1310,9.677936905368474466e-03,9.903220630946315550e-01
1311,9.518420847217344549e-03,9.904815791527826763e-01
1312,1.257065311406846062e-02,9.874293468859315359e-01
1313,9.904359313215919114e-01,9.564068678408088608e-03
1314,1.164466604989271986e-02,9.883553339501073287e-01
1315,8.487056741672098503e-03,9.915129432583279501e-01
1316,1.206336292891038164e-01,8.793663707108961836e-01
1317,9.480238515590276860e-01,5.197614844097231401e-02
1318,9.901683570006158952e-01,9.831642999384104797e-03
1319,1.277340673850629361e-02,9.872265932614937567e-01
1320,9.816466058533478423e-01,1.835339414665215774e-02
1321,9.871732502326210357e-01,1.282674976737896433e-02
1322,9.892031863319630247e-01,1.079681366803697529e-02
1323,7.403482400375747119e-01,2.596517599624252881e-01
1324,2.381126293202663335e-01,7.618873706797336665e-01
1325,9.731321591178420105e-01,2.686784088215798949e-02
1326,9.941309152420194639e-01,5.869084757980536082e-03
1327,9.597401973644399675e-03,9.904025980263555518e-01
1328,1.026631986109389355e-02,9.897336801389060579e-01
1329,8.702408285436263186e-03,9.912975917145637750e-01
1330,8.678853019050128056e-03,9.913211469809498633e-01
1331,8.787797165689119616e-01,1.212202834310880384e-01
1332,9.928106923994750588e-01,7.189307600524941222e-03
1333,9.904359313215919114e-01,9.564068678408088608e-03
1334,2.373377393384936973e-01,7.626622606615063305e-01
1335,2.216193442620221499e-01,7.783806557379778779e-01
1336,9.727395863280318133e-01,2.726041367196818666e-02
1337,9.939052749498424877e-01,6.094725050157512314e-03
1338,9.882869871314798882e-01,1.171301286852011181e-02
1339,3.487355175780301741e-02,9.651264482421969548e-01
1340,1.971204689366718721e-01,8.028795310633281002e-01
1341,8.963723297277834123e-03,9.910362767027222075e-01
1342,9.901683570006158952e-01,9.831642999384104797e-03
1343,3.860950662264652639e-02,9.613904933773534944e-01
1344,8.941224684187419613e-03,9.910587753158125457e-01
1345,9.630943236201909841e-01,3.690567637980901594e-02
1346,9.419843823765856536e-03,9.905801561762341834e-01
1347,8.854499810829538978e-03,9.911455001891704697e-01
1348,8.532180543760972333e-03,9.914678194562390745e-01
1349,2.185787278282147472e-02,9.781421272171785253e-01
1350,1.554267234289758992e-01,8.445732765710241008e-01
1351,2.928459969138410765e-02,9.707154003086159166e-01
1352,9.074274257897568807e-01,9.257257421024311927e-02
1353,9.912821236104055744e-01,8.717876389594425568e-03
1354,8.608623803397348340e-01,1.391376196602651660e-01
1355,4.659188472059997560e-02,9.534081152794000591e-01
1356,1.460958680194716225e-02,9.853904131980528724e-01
1357,4.256126828701676801e-01,5.743873171298323754e-01
1358,9.694632894627106534e-01,3.053671053728934659e-02
1359,1.171637489139059317e-02,9.882836251086094537e-01
1360,1.068670257169239933e-02,9.893132974283076475e-01
1361,9.794975984006921710e-01,2.050240159930782902e-02
1362,2.833041210876810143e-02,9.716695878912319229e-01
1363,9.726896786832976982e-01,2.731032131670230179e-02
1364,9.920875933506472233e-01,7.912406649352776711e-03
1365,4.046434490538908940e-02,9.595356550946109175e-01
1366,8.835825988429829581e-03,9.911641740115701982e-01
1367,9.935068966421893855e-01,6.493103357810614540e-03
1368,9.577718455374928386e-01,4.222815446250716143e-02
1369,6.432128776483690691e-02,9.356787122351630792e-01
1370,9.918785760600886681e-01,8.121423939911331935e-03
1371,8.553925667130490157e-03,9.914460743328694647e-01
1372,2.858838741534268368e-02,9.714116125846573579e-01
1373,2.145303639343659752e-02,9.785469636065633470e-01
1374,9.920094355282041976e-01,7.990564471795802426e-03
1375,9.843522604507689566e-01,1.564773954923104338e-02
1376,8.730123586984918360e-03,9.912698764130151163e-01
1377,9.874054124505806662e-01,1.259458754941933378e-02
1378,9.909356088852486755e-01,9.064391114751324530e-03
1379,9.922029436303200223e-01,7.797056369679977728e-03
1380,1.104164239331821909e-02,9.889583576066818260e-01
1381,9.939941216404709623e-01,6.005878359529037702e-03
1382,9.764877560387384969e-01,2.351224396126150307e-02
1383,9.133816493636712219e-02,9.086618350636328501e-01
1384,9.110588811877078780e-03,9.908894111881229039e-01
1385,9.000140629061844505e-03,9.909998593709381520e-01
1386,8.473949605682975714e-03,9.915260503943170711e-01
1387,9.901258709788997026e-01,9.874129021100297443e-03
1388,4.155363695217110381e-02,9.584463630478289309e-01
1389,9.936562408379829847e-01,6.343759162017015285e-03
1390,9.938291454787466783e-01,6.170854521253321678e-03
1391,3.034378180143033621e-01,6.965621819856966379e-01
1392,3.306619894435861018e-01,6.693380105564139537e-01
1393,8.805996561931084959e-03,9.911940034380689601e-01
1394,1.089484844142177798e-02,9.891051515585782550e-01
1395,1.987903488749228897e-01,8.012096511250771380e-01
1396,9.925230045062918283e-01,7.476995493708171736e-03
1397,9.690295655310730005e-01,3.097043446892699947e-02
1398,4.885229457288679106e-02,9.511477054271132436e-01
1399,9.100134366618108442e-03,9.908998656333818378e-01
1400,1.506219194163702368e-01,8.493780805836297354e-01
1401,9.736081375941811264e-03,9.902639186240581592e-01
1402,9.896072043306656241e-01,1.039279566933437593e-02
1403,2.593983332021733770e-02,9.740601666797826796e-01
1404,9.862970919735882802e-01,1.370290802641171979e-02
1405,9.271799804911111664e-01,7.282001950888883357e-02
1406,1.653138654492480042e-01,8.346861345507520236e-01
1407,3.030794152491692386e-02,9.696920584750831074e-01
1408,5.353225626539218074e-02,9.464677437346078470e-01
1409,9.402627005261104953e-01,5.973729947388950468e-02
1410,9.927983578946840693e-01,7.201642105315930742e-03
1411,4.512564299939542667e-01,5.487435700060456778e-01
1412,9.883668036702162318e-01,1.163319632978376816e-02
1413,9.922931877552810809e-01,7.706812244718919125e-03
1414,1.032316064398756811e-01,8.967683935601242773e-01
1415,8.838390435066475689e-03,9.911616095649334879e-01
1416,8.714395030558323013e-03,9.912856049694416249e-01
1417,2.948103177430597480e-02,9.705189682256940564e-01
1418,3.323240696265761240e-02,9.667675930373423876e-01
1419,1.743346274948169017e-01,8.256653725051831261e-01
1420,5.200565554952743530e-02,9.479943444504725925e-01
1421,1.242355615994823054e-01,8.757644384005176530e-01
1422,9.897353757872111579e-01,1.026462421278884207e-02
1423,1.082440017101315814e-02,9.891755998289868401e-01
1424,9.896535003261613950e-01,1.034649967383860503e-02
1425,9.441089494006033034e-01,5.589105059939669662e-02
1426,1.017782572250115411e-02,9.898221742774988563e-01
1427,9.005552026523984399e-03,9.909944479734760225e-01
1428,9.854403445502522008e-01,1.455965544974779924e-02
1429,9.928907222366142316e-01,7.109277763385768445e-03
1430,9.942189917931708587e-01,5.781008206829141294e-03
1431,8.930460598244668521e-03,9.910695394017553506e-01
1432,9.854744305957584549e-01,1.452556940424154508e-02
1433,8.231479779511756412e-02,9.176852022048824775e-01
1434,9.465188835211125334e-03,9.905348111647889198e-01
1435,4.803290066535264441e-02,9.519670993346474042e-01
1436,5.684724281781619593e-02,9.431527571821838318e-01
1437,9.925311566840625543e-01,7.468843315937445659e-03
1438,9.898024503186415579e-01,1.019754968135844209e-02
1439,1.130595582301518465e-01,8.869404417698480980e-01
1440,9.893155002777527240e-01,1.068449972224727595e-02
1441,6.580211556907392678e-01,3.419788443092607322e-01
1442,1.331141874214940464e-02,9.866885812578506387e-01
1443,1.124565264494593181e-01,8.875434735505406403e-01
